time,r1,r2,r3,id,organism,name,control,treatment
0,246239.2393,220751.176,245383.8676,barakgavish2018,H,ehux379,TRUE,replete
2,633490.8798,627061.8667,655387.1078,barakgavish2018,H,ehux379,TRUE,replete
4,1554661.836,1544663.585,1517089.132,barakgavish2018,H,ehux379,TRUE,replete
5,2005014.382,2026774.156,2021723.094,barakgavish2018,H,ehux379,TRUE,replete
7,2331579.743,2338201.564,2429148.886,barakgavish2018,H,ehux379,TRUE,replete
8,2622780.007,2750158.061,2829349.795,barakgavish2018,H,ehux379,TRUE,replete
9,2828059.395,2920920.712,2906039.1,barakgavish2018,H,ehux379,TRUE,replete
10,3164633.697,3151986.569,3166563.604,barakgavish2018,H,ehux379,TRUE,replete
11,2880614.604,3114562.152,2905482.117,barakgavish2018,H,ehux379,TRUE,replete
12,3497661.026,3661861.39,3718503.175,barakgavish2018,H,ehux379,TRUE,replete
13,2888182.358,3221951.345,3187175.88,barakgavish2018,H,ehux379,TRUE,replete
14,2665765.862,2985356.717,2824618.826,barakgavish2018,H,ehux379,TRUE,replete
15,2991701.788,3315054.274,3270522.273,barakgavish2018,H,ehux379,TRUE,replete
16,3298213.748,3695483.359,3717920.929,barakgavish2018,H,ehux379,TRUE,replete
17,3166939.956,3551965.068,3715614.059,barakgavish2018,H,ehux379,TRUE,replete
0,239294.23,231101.74,222677.61,barakgavish2018,H,ehux379,FALSE,infected379D7
2,591942.11,571881.9,535185.16,barakgavish2018,H,ehux379,FALSE,infected379D7
4,1395117,1454621.8,1444585,barakgavish2018,H,ehux379,FALSE,infected379D7
5,1925971.6,1983929.9,2075122.8,barakgavish2018,H,ehux379,FALSE,infected379D7
7,2310655.9,2421718.1,2260332.6,barakgavish2018,H,ehux379,FALSE,infected379D7
8,2720289.8,2780006.9,2732187.6,barakgavish2018,H,ehux379,FALSE,infected379D7
9,2920044.5,2977216.8,2917503.6,barakgavish2018,H,ehux379,FALSE,infected379D7
10,3310899.2,3393169.1,3358986.9,barakgavish2018,H,ehux379,FALSE,infected379D7
11,2929947.7,3121275.5,2949471.3,barakgavish2018,H,ehux379,FALSE,infected379D7
12,3303329.5,3377673.8,3239964,barakgavish2018,H,ehux379,FALSE,infected379D7
13,2362270.1,2098513.8,2166304.4,barakgavish2018,H,ehux379,FALSE,infected379D7
14,971688.67,793107.78,733724.05,barakgavish2018,H,ehux379,FALSE,infected379D7
15,598950.49,509021.08,456185.53,barakgavish2018,H,ehux379,FALSE,infected379D7
16,569635.67,483618.42,410488.34,barakgavish2018,H,ehux379,FALSE,infected379D7
17,331461.98,259686.96,223024.06,barakgavish2018,H,ehux379,FALSE,infected379D7
0,95740.88849,97894.25381,60936.38918,barakgavish2018,B,bacteria,TRUE,replete
2,100826.503,71835.39433,101308.569,barakgavish2018,B,bacteria,TRUE,replete
4,83724.72943,76893.24317,87241.00327,barakgavish2018,B,bacteria,TRUE,replete
5,199904.8072,210618.6924,162733.93,barakgavish2018,B,bacteria,TRUE,replete
7,1239186.741,1296075.1,701944.2096,barakgavish2018,B,bacteria,TRUE,replete
8,230717.7313,245968.8439,246730.484,barakgavish2018,B,bacteria,TRUE,replete
9,520835.0857,300782.4408,489473.9503,barakgavish2018,B,bacteria,TRUE,replete
10,298989.899,320779.6163,337295.54,barakgavish2018,B,bacteria,TRUE,replete
11,5478528.951,1376913.082,952718.7959,barakgavish2018,B,bacteria,TRUE,replete
12,988152.2561,750063.3499,798716.1078,barakgavish2018,B,bacteria,TRUE,replete
13,873904.2481,998618.6449,973120.9137,barakgavish2018,B,bacteria,TRUE,replete
14,1572246.548,1191097.054,1608297.414,barakgavish2018,B,bacteria,TRUE,replete
15,1830658.997,1387959.585,1475368.421,barakgavish2018,B,bacteria,TRUE,replete
16,1727315.531,1913540.791,1727460.774,barakgavish2018,B,bacteria,TRUE,replete
17,2665321.564,2970137.207,2439918.602,barakgavish2018,B,bacteria,TRUE,replete
0,59886.4223,45933.01435,51602.24986,barakgavish2018,B,bacteria,FALSE,infected379D7
2,1362694.388,1260415.089,1421700.167,barakgavish2018,B,bacteria,FALSE,infected379D7
4,1920936.255,1696177.367,1687925.384,barakgavish2018,B,bacteria,FALSE,infected379D7
5,2445438.343,2047623.054,1882289.58,barakgavish2018,B,bacteria,FALSE,infected379D7
7,3248102.076,3526682.135,1489426.288,barakgavish2018,B,bacteria,FALSE,infected379D7
8,2818067.669,2752349.197,3173193.379,barakgavish2018,B,bacteria,FALSE,infected379D7
9,4192122.119,4756479.827,4365618.9,barakgavish2018,B,bacteria,FALSE,infected379D7
10,7382627.133,7774733.126,6755663.43,barakgavish2018,B,bacteria,FALSE,infected379D7
11,9737421.992,8360680.567,10028969.88,barakgavish2018,B,bacteria,FALSE,infected379D7
12,15428917.45,18156076.07,16549636.8,barakgavish2018,B,bacteria,FALSE,infected379D7
13,27227366.08,34304776.35,28114874.07,barakgavish2018,B,bacteria,FALSE,infected379D7
14,41109914.52,41989098.98,41135243.35,barakgavish2018,B,bacteria,FALSE,infected379D7
15,48443793.85,51563792.93,53805761.93,barakgavish2018,B,bacteria,FALSE,infected379D7
16,56205597.42,55909893.25,54116737.79,barakgavish2018,B,bacteria,FALSE,infected379D7
17,53538616.69,55818460.14,57764031.53,barakgavish2018,B,bacteria,FALSE,infected379D7
0,380377.1286,329708.8563,352304.7619,barakgavish2018,H,ehux379,TRUE,replete
2,568100.9957,535289.6341,549711.907,barakgavish2018,H,ehux379,TRUE,replete
4,1463162.43,1574267.968,1533850.601,barakgavish2018,H,ehux379,TRUE,replete
5,2452389.398,2400030.394,2350148.143,barakgavish2018,H,ehux379,TRUE,replete
6,,2631878.991,2595843.484,barakgavish2018,H,ehux379,TRUE,replete
7,3330275.927,3422523.436,,barakgavish2018,H,ehux379,TRUE,replete
9,3330010.653,3867382.877,4047055.537,barakgavish2018,H,ehux379,TRUE,replete
10,3317558.49,3546083.475,3818002.229,barakgavish2018,H,ehux379,TRUE,replete
11,2820858.056,,3011247.625,barakgavish2018,H,ehux379,TRUE,replete
12,,2160936.431,1951996.957,barakgavish2018,H,ehux379,TRUE,replete
13,2518686.498,2735215.905,,barakgavish2018,H,ehux379,TRUE,replete
14,3235873.917,,3012466.427,barakgavish2018,H,ehux379,TRUE,replete
15,2700326.723,,2631229.741,barakgavish2018,H,ehux379,TRUE,replete
18,2799883.329,3307696.208,3263180.574,barakgavish2018,H,ehux379,TRUE,replete
19,3140769.815,3436501.901,3438308.974,barakgavish2018,H,ehux379,TRUE,replete
20,3612320.953,3671485.088,3692389.596,barakgavish2018,H,ehux379,TRUE,replete
21,3547505.698,3479261.155,2830221.659,barakgavish2018,H,ehux379,TRUE,replete
22,3086856.303,2722240.527,2476110.773,barakgavish2018,H,ehux379,TRUE,replete
0,379044.3322,311120.1443,359637.0845,barakgavish2018,H,ehux379,FALSE,infected379D7
2,496211.4493,551731.1454,577305.7546,barakgavish2018,H,ehux379,FALSE,infected379D7
4,1531869.581,1606305.804,1496576.385,barakgavish2018,H,ehux379,FALSE,infected379D7
5,2518056.717,2137277.747,2588785.047,barakgavish2018,H,ehux379,FALSE,infected379D7
6,3213747.622,3467190.669,3667291.994,barakgavish2018,H,ehux379,FALSE,infected379D7
7,3684565.289,4165421.72,4246055.664,barakgavish2018,H,ehux379,FALSE,infected379D7
9,4184587.268,2802736.602,2643214.041,barakgavish2018,H,ehux379,FALSE,infected379D7
10,2739656.835,2193556.564,1805445.005,barakgavish2018,H,ehux379,FALSE,infected379D7
11,1612975.165,984991.7607,678476.3932,barakgavish2018,H,ehux379,FALSE,infected379D7
12,120955.4722,25487.56055,88855.07798,barakgavish2018,H,ehux379,FALSE,infected379D7
13,12391.03994,3420.232576,17176.73287,barakgavish2018,H,ehux379,FALSE,infected379D7
14,4787.476569,2813.616892,4563.200324,barakgavish2018,H,ehux379,FALSE,infected379D7
15,2662.609357,2659.574468,4253.918416,barakgavish2018,H,ehux379,FALSE,infected379D7
18,380.2377754,456.0194568,1521.182466,barakgavish2018,H,ehux379,FALSE,infected379D7
19,912.4781385,1139.471285,2738.614464,barakgavish2018,H,ehux379,FALSE,infected379D7
20,684.2025239,1672.622215,4259.094942,barakgavish2018,H,ehux379,FALSE,infected379D7
21,304.205643,1672.113704,8366.927816,barakgavish2018,H,ehux379,FALSE,infected379D7
22,379.9488336,1444.793673,13389.80042,barakgavish2018,H,ehux379,FALSE,infected379D7
0,108196.1491,87425.3242,44302.23972,barakgavish2018,B,bacteria,TRUE,replete
2,65254.82614,52785.92375,14063.46137,barakgavish2018,B,bacteria,TRUE,replete
4,282236.7261,265478.9975,163181.4336,barakgavish2018,B,bacteria,TRUE,replete
5,363901.4434,409986.8594,377347.296,barakgavish2018,B,bacteria,TRUE,replete
6,167817.4985,207776.9626,143214.7639,barakgavish2018,B,bacteria,TRUE,replete
7,158511.1692,37990.31247,126471.7396,barakgavish2018,B,bacteria,TRUE,replete
8,244691.0775,141421.8791,247854.5455,barakgavish2018,B,bacteria,TRUE,replete
9,627578.5926,604613.2339,530312.018,barakgavish2018,B,bacteria,TRUE,replete
10,325953.6188,347307.4899,42633.82283,barakgavish2018,B,bacteria,TRUE,replete
11,88550.42947,485673.2264,340415.2583,barakgavish2018,B,bacteria,TRUE,replete
12,1767520.079,732600.7326,1339612.768,barakgavish2018,B,bacteria,TRUE,replete
13,2012534.819,1831742.07,2474298.658,barakgavish2018,B,bacteria,TRUE,replete
14,1645084.914,1174957.62,1185357.35,barakgavish2018,B,bacteria,TRUE,replete
15,1022757.227,2366128.47,2500000,barakgavish2018,B,bacteria,TRUE,replete
18,2407256.658,3106999.476,2770276.156,barakgavish2018,B,bacteria,TRUE,replete
19,4578355.587,4422467.204,4892186.818,barakgavish2018,B,bacteria,TRUE,replete
20,4193191.737,5540827.92,4884591.935,barakgavish2018,B,bacteria,TRUE,replete
21,5908733.967,6585728.011,7253072.967,barakgavish2018,B,bacteria,TRUE,replete
22,5561851.626,7438592.416,7702620.353,barakgavish2018,B,bacteria,TRUE,replete
0,3924.390084,28439.38855,35870.15006,barakgavish2018,B,bacteria,FALSE,infected379D7
2,1242743.371,1260902.652,1711585.579,barakgavish2018,B,bacteria,FALSE,infected379D7
4,1312757.082,1218681.798,1642013.129,barakgavish2018,B,bacteria,FALSE,infected379D7
5,2048602.038,2290196.078,2617877.192,barakgavish2018,B,bacteria,FALSE,infected379D7
6,2607255.933,2739678.097,2770758.909,barakgavish2018,B,bacteria,FALSE,infected379D7
7,1212262.366,,633020.7305,barakgavish2018,B,bacteria,FALSE,infected379D7
8,6671124.938,10926534.29,20668604.65,barakgavish2018,B,bacteria,FALSE,infected379D7
9,17655268.67,26400837.01,29942418.43,barakgavish2018,B,bacteria,FALSE,infected379D7
10,,30762689.65,34517394.72,barakgavish2018,B,bacteria,FALSE,infected379D7
11,36309267.55,8474773.309,17810948.16,barakgavish2018,B,bacteria,FALSE,infected379D7
12,,93772486.31,99722181.94,barakgavish2018,B,bacteria,FALSE,infected379D7
13,108939033.6,,43892092.38,barakgavish2018,B,bacteria,FALSE,infected379D7
14,114439508.8,81081081.08,69713289.76,barakgavish2018,B,bacteria,FALSE,infected379D7
15,128887469.5,122295967.3,110774879.8,barakgavish2018,B,bacteria,FALSE,infected379D7
18,94614176.89,96229574.93,105960672.7,barakgavish2018,B,bacteria,FALSE,infected379D7
19,136226294.5,116179187.7,146499390.1,barakgavish2018,B,bacteria,FALSE,infected379D7
20,124093601.2,119818873.2,141561519.7,barakgavish2018,B,bacteria,FALSE,infected379D7
21,146853463.3,146473250.6,140356426.4,barakgavish2018,B,bacteria,FALSE,infected379D7
22,140192391.5,124223660.2,126541785.1,barakgavish2018,B,bacteria,FALSE,infected379D7
0,403897.8263,346808.254,488368.3102,barakgavish2018,H,ehux379,TRUE,replete
1,689166.8855,705428.1366,727936.9174,barakgavish2018,H,ehux379,TRUE,replete
2,1327860.977,1292733.695,1272671.459,barakgavish2018,H,ehux379,TRUE,replete
3,2374570.534,2184343.238,2129243.698,barakgavish2018,H,ehux379,TRUE,replete
4,3651775.63,3687413.121,3582748.32,barakgavish2018,H,ehux379,TRUE,replete
5,4962709.188,5085946.991,4995158.053,barakgavish2018,H,ehux379,TRUE,replete
6,4887506.553,5657516.02,5482554.94,barakgavish2018,H,ehux379,TRUE,replete
7,5294689.103,5747188.446,5511392.951,barakgavish2018,H,ehux379,TRUE,replete
8,5383494.915,5637538.653,5507045.115,barakgavish2018,H,ehux379,TRUE,replete
9,5258715.042,5121901.991,5230025.85,barakgavish2018,H,ehux379,TRUE,replete
10,4844559.638,5020989.355,4896567.56,barakgavish2018,H,ehux379,TRUE,replete
11,4689203.508,4875121.485,4718192.144,barakgavish2018,H,ehux379,TRUE,replete
0,477278.9428,486417.4632,471685.3173,barakgavish2018,H,ehux379,FALSE,infected379D7
1,717460.5399,704064.9878,649737.7114,barakgavish2018,H,ehux379,FALSE,infected379D7
2,1175993.855,1199150.63,1234330.798,barakgavish2018,H,ehux379,FALSE,infected379D7
3,1945851.587,2076896.366,2006756.027,barakgavish2018,H,ehux379,FALSE,infected379D7
4,3599374.234,3235246.231,3391053.754,barakgavish2018,H,ehux379,FALSE,infected379D7
5,5248682.853,5257173.656,5182478.894,barakgavish2018,H,ehux379,FALSE,infected379D7
6,5772078.484,5244270.623,5647971.015,barakgavish2018,H,ehux379,FALSE,infected379D7
7,5026789.448,4547278.613,4806534.37,barakgavish2018,H,ehux379,FALSE,infected379D7
8,4193500.564,4079981.482,3995759.336,barakgavish2018,H,ehux379,FALSE,infected379D7
9,2363275.105,2525428.118,2027704.52,barakgavish2018,H,ehux379,FALSE,infected379D7
10,1946647.656,2093867.202,1510023.987,barakgavish2018,H,ehux379,FALSE,infected379D7
11,20405.57479,84501.90271,10230.55071,barakgavish2018,H,ehux379,FALSE,infected379D7
0,83217.75312,21145.37445,32041.77298,barakgavish2018,B,sulfitobacterD7,TRUE,replete
1,85260.07283,74430.6938,24990.33112,barakgavish2018,B,sulfitobacterD7,TRUE,infected379D7
2,49072.58653,38766.51982,48953.90174,barakgavish2018,B,sulfitobacterD7,TRUE,infected379D7
3,62710.48659,45133.66509,63154.20151,barakgavish2018,B,sulfitobacterD7,TRUE,infected379D7
4,118380.9662,83570.30933,70472.1635,barakgavish2018,B,sulfitobacterD7,TRUE,infected379D7
5,269136.6655,126186.6511,132697.0085,barakgavish2018,B,sulfitobacterD7,TRUE,infected379D7
6,813795.1022,765505.8428,542043.0855,barakgavish2018,B,sulfitobacterD7,TRUE,infected379D7
7,1667053.364,1297090.53,949527.2727,barakgavish2018,B,sulfitobacterD7,TRUE,infected379D7
8,901385.3978,975069.8975,998203.0027,barakgavish2018,B,sulfitobacterD7,TRUE,infected379D7
9,1429316.641,1307873.398,1043175.891,barakgavish2018,B,sulfitobacterD7,TRUE,infected379D7
10,661615.1193,614358.4343,639804.2129,barakgavish2018,B,sulfitobacterD7,TRUE,infected379D7
11,1181547.016,1172627.035,1050952.643,barakgavish2018,B,sulfitobacterD7,TRUE,infected379D7
0,35409.71997,28337.81031,22335.97022,barakgavish2018,B,sulfitobacterD7,FALSE,infected379D7
1,176252.8641,253896.3555,244641.1929,barakgavish2018,B,sulfitobacterD7,FALSE,infected379D7
2,3478159.851,3483217.963,3602401.601,barakgavish2018,B,sulfitobacterD7,FALSE,infected379D7
3,4391856.621,4762870.47,4617790.132,barakgavish2018,B,sulfitobacterD7,FALSE,infected379D7
4,5808580.858,6134174.212,5803871.566,barakgavish2018,B,sulfitobacterD7,FALSE,infected379D7
5,9039114.905,7976304.556,7922559.703,barakgavish2018,B,sulfitobacterD7,FALSE,infected379D7
6,22466562.45,20581849.76,23564230.28,barakgavish2018,B,sulfitobacterD7,FALSE,infected379D7
7,46403246.85,48023660.4,51052509.56,barakgavish2018,B,sulfitobacterD7,FALSE,infected379D7
8,77511579.43,75948048.94,85065492.06,barakgavish2018,B,sulfitobacterD7,FALSE,infected379D7
9,118934521.1,109189439.6,129123639.7,barakgavish2018,B,sulfitobacterD7,FALSE,infected379D7
10,112803613.8,102904717.9,123193296.7,barakgavish2018,B,sulfitobacterD7,FALSE,infected379D7
11,138901990.3,169514647.5,171992121.9,barakgavish2018,B,sulfitobacterD7,FALSE,infected379D7
0,403897.8263,346808.254,488368.3102,barakgavish2018,H,ehux379,TRUE,0DMSP
1,689166.8855,705428.1366,727936.9174,barakgavish2018,H,ehux379,TRUE,0DMSP
2,1327860.977,1292733.695,1272671.459,barakgavish2018,H,ehux379,TRUE,0DMSP
3,2374570.534,2184343.238,2129243.698,barakgavish2018,H,ehux379,TRUE,0DMSP
4,3651775.63,3687413.121,3582748.32,barakgavish2018,H,ehux379,TRUE,0DMSP
5,4962709.188,5085946.991,4995158.053,barakgavish2018,H,ehux379,TRUE,0DMSP
6,4887506.553,5657516.02,5482554.94,barakgavish2018,H,ehux379,TRUE,0DMSP
7,5294689.103,5747188.446,5511392.951,barakgavish2018,H,ehux379,TRUE,0DMSP
8,5383494.915,5637538.653,5507045.115,barakgavish2018,H,ehux379,TRUE,0DMSP
9,5258715.042,5121901.991,5230025.85,barakgavish2018,H,ehux379,TRUE,0DMSP
10,4844559.638,5020989.355,4896567.56,barakgavish2018,H,ehux379,TRUE,0DMSP
11,4689203.508,4875121.485,4718192.144,barakgavish2018,H,ehux379,TRUE,0DMSP
0,382721.6659,425879.4973,410930.6816,barakgavish2018,H,ehux379,TRUE,10DMSP
1,632808.9694,589135.7717,605449.4202,barakgavish2018,H,ehux379,TRUE,10DMSP
2,1145109.762,1101157.833,1070433.933,barakgavish2018,H,ehux379,TRUE,10DMSP
3,1953430.599,1814531.689,1802082.86,barakgavish2018,H,ehux379,TRUE,10DMSP
4,3512641.914,3367270.804,3345138.095,barakgavish2018,H,ehux379,TRUE,10DMSP
5,4970442.014,4735998.268,4683580.161,barakgavish2018,H,ehux379,TRUE,10DMSP
6,6089603.768,6056193.445,6005913.264,barakgavish2018,H,ehux379,TRUE,10DMSP
7,6049206.239,5604028.812,5816674.238,barakgavish2018,H,ehux379,TRUE,10DMSP
8,5652657.639,5344094.791,5480177.477,barakgavish2018,H,ehux379,TRUE,10DMSP
9,5535470.955,5191863.701,5075867.106,barakgavish2018,H,ehux379,TRUE,10DMSP
10,5133682.848,4993934.829,4821946.698,barakgavish2018,H,ehux379,TRUE,10DMSP
11,4268076.939,4948970.975,3907195.19,barakgavish2018,H,ehux379,TRUE,10DMSP
0,468584.7095,450232.3593,452820.1291,barakgavish2018,H,ehux379,TRUE,100DMSP
1,618202.8125,590133.4351,593460.1221,barakgavish2018,H,ehux379,TRUE,100DMSP
2,1218564.983,1134085.905,1052027.064,barakgavish2018,H,ehux379,TRUE,100DMSP
3,2109298.996,1954532.171,1966783.714,barakgavish2018,H,ehux379,TRUE,100DMSP
4,3315160.696,3291041.361,3154074.884,barakgavish2018,H,ehux379,TRUE,100DMSP
5,4810583.346,4784650.575,4688731.361,barakgavish2018,H,ehux379,TRUE,100DMSP
6,4960741.736,5298214.897,5376083.053,barakgavish2018,H,ehux379,TRUE,100DMSP
7,5283660.305,5638175.09,5711769.822,barakgavish2018,H,ehux379,TRUE,100DMSP
8,5033223.476,5126707.726,5182794.38,barakgavish2018,H,ehux379,TRUE,100DMSP
9,4817575.655,5004706.46,5059579.954,barakgavish2018,H,ehux379,TRUE,100DMSP
10,4475410.785,4878165.417,4892382.221,barakgavish2018,H,ehux379,TRUE,100DMSP
11,2986179.365,3237687.61,3461554.194,barakgavish2018,H,ehux379,TRUE,100DMSP
0,519298.0834,532680.9347,520910.6299,barakgavish2018,H,ehux379,TRUE,500DMSP
1,754954.5755,794053.2576,788956.5006,barakgavish2018,H,ehux379,TRUE,500DMSP
2,1201881.935,1164692.858,1141294.94,barakgavish2018,H,ehux379,TRUE,500DMSP
3,1824805.909,1794492.908,1767393.702,barakgavish2018,H,ehux379,TRUE,500DMSP
4,2908665.124,2783568.341,2812612.852,barakgavish2018,H,ehux379,TRUE,500DMSP
5,3971675.09,3955643.647,4079323.987,barakgavish2018,H,ehux379,TRUE,500DMSP
6,5542752.909,5433740.5,5277577.29,barakgavish2018,H,ehux379,TRUE,500DMSP
7,5502840.945,5729334.14,5643648.471,barakgavish2018,H,ehux379,TRUE,500DMSP
8,4921283.533,5220941.917,4991739.923,barakgavish2018,H,ehux379,TRUE,500DMSP
9,4761726.242,4819861.891,4699879.266,barakgavish2018,H,ehux379,TRUE,500DMSP
10,4579732.848,4632642.027,4541405.387,barakgavish2018,H,ehux379,TRUE,500DMSP
11,3324466.078,3351835.459,3761997.884,barakgavish2018,H,ehux379,TRUE,500DMSP
0,477278.9428,486417.4632,471685.3173,barakgavish2018,H,ehux379,FALSE,0DMSP
1,717460.5399,704064.9878,649737.7114,barakgavish2018,H,ehux379,FALSE,0DMSP
2,1175993.855,1199150.63,1234330.798,barakgavish2018,H,ehux379,FALSE,0DMSP
3,1945851.587,2076896.366,2006756.027,barakgavish2018,H,ehux379,FALSE,0DMSP
4,3599374.234,3235246.231,3391053.754,barakgavish2018,H,ehux379,FALSE,0DMSP
5,5248682.853,5257173.656,5182478.894,barakgavish2018,H,ehux379,FALSE,0DMSP
6,5772078.484,5244270.623,5647971.015,barakgavish2018,H,ehux379,FALSE,0DMSP
7,5026789.448,4547278.613,4806534.37,barakgavish2018,H,ehux379,FALSE,0DMSP
8,4193500.564,4079981.482,3995759.336,barakgavish2018,H,ehux379,FALSE,0DMSP
9,2363275.105,2525428.118,2027704.52,barakgavish2018,H,ehux379,FALSE,0DMSP
10,1946647.656,2093867.202,1510023.987,barakgavish2018,H,ehux379,FALSE,0DMSP
11,20405.57479,84501.90271,10230.55071,barakgavish2018,H,ehux379,FALSE,0DMSP
0,456734.4446,482198.3147,488467.9053,barakgavish2018,H,ehux379,FALSE,10DMSP
1,584695.3022,677647.2297,674793.0878,barakgavish2018,H,ehux379,FALSE,10DMSP
2,1149997,1202962.826,1157622.776,barakgavish2018,H,ehux379,FALSE,10DMSP
3,1689608.994,2108743.955,1961272.356,barakgavish2018,H,ehux379,FALSE,10DMSP
4,3010287.902,3051824.23,3380217.68,barakgavish2018,H,ehux379,FALSE,10DMSP
5,4615575.151,5114917.459,4922328.062,barakgavish2018,H,ehux379,FALSE,10DMSP
6,4789319.615,4318269.33,4442503.026,barakgavish2018,H,ehux379,FALSE,10DMSP
7,3840809.713,3708611.391,3936837.595,barakgavish2018,H,ehux379,FALSE,10DMSP
8,2960853.775,3261028.51,3363141.657,barakgavish2018,H,ehux379,FALSE,10DMSP
9,1575249.77,1642857.375,801192.6992,barakgavish2018,H,ehux379,FALSE,10DMSP
10,1301610.728,1358848.69,569937.3003,barakgavish2018,H,ehux379,FALSE,10DMSP
11,34779.14471,78724.76517,1178.505862,barakgavish2018,H,ehux379,FALSE,10DMSP
0,460159.0703,429390.7427,366672.6082,barakgavish2018,H,ehux379,FALSE,100DMSP
1,573105.2992,568950.9835,546789.2948,barakgavish2018,H,ehux379,FALSE,100DMSP
2,1052106.771,1024952.998,997408.7274,barakgavish2018,H,ehux379,FALSE,100DMSP
3,2066039.325,1992477.914,1955388.873,barakgavish2018,H,ehux379,FALSE,100DMSP
4,2918877.921,2825815.339,2851788.758,barakgavish2018,H,ehux379,FALSE,100DMSP
5,2565432.008,2595914.369,2715706.446,barakgavish2018,H,ehux379,FALSE,100DMSP
6,1684449.572,1745612.42,2117948.761,barakgavish2018,H,ehux379,FALSE,100DMSP
7,275734.8457,118327.8479,292954.1222,barakgavish2018,H,ehux379,FALSE,100DMSP
8,5897.689424,4259.867035,5516.982824,barakgavish2018,H,ehux379,FALSE,100DMSP
9,950.902049,684.2006079,1064.866981,barakgavish2018,H,ehux379,FALSE,100DMSP
10,837.3721825,571.44814,1562.35728,barakgavish2018,H,ehux379,FALSE,100DMSP
11,380.334187,190.169049,798.9854709,barakgavish2018,H,ehux379,FALSE,100DMSP
0,493434.8845,484042.0133,415774.9818,barakgavish2018,H,ehux379,FALSE,500DMSP
1,773517.2664,836879.2645,827624.3575,barakgavish2018,H,ehux379,FALSE,500DMSP
2,1108036.968,1147669.921,1092322.647,barakgavish2018,H,ehux379,FALSE,500DMSP
3,2258550.952,2370829.668,2491682.512,barakgavish2018,H,ehux379,FALSE,500DMSP
4,2536565.917,2790384.821,2351880.917,barakgavish2018,H,ehux379,FALSE,500DMSP
5,17871.60528,122087.4447,10491.39459,barakgavish2018,H,ehux379,FALSE,500DMSP
6,950.124345,3499.468059,266.0653259,barakgavish2018,H,ehux379,FALSE,500DMSP
7,227.9654636,1138.954487,37.96218966,barakgavish2018,H,ehux379,FALSE,500DMSP
8,0,266.6666677,38.03727653,barakgavish2018,H,ehux379,FALSE,500DMSP
9,342.5323746,38.07009974,0,barakgavish2018,H,ehux379,FALSE,500DMSP
10,152.4467707,76.11701723,0,barakgavish2018,H,ehux379,FALSE,500DMSP
11,152.277541,0,0,barakgavish2018,H,ehux379,FALSE,500DMSP
0,0,0,0,barakgavish2018,B,bacteria,TRUE,0DMSP
1,85260.07283,74430.6938,24990.33112,barakgavish2018,B,bacteria,TRUE,0DMSP
2,49072.58653,38766.51982,48953.90174,barakgavish2018,B,bacteria,TRUE,0DMSP
3,62710.48659,45133.66509,63154.20151,barakgavish2018,B,bacteria,TRUE,0DMSP
4,118380.9662,83570.30933,70472.1635,barakgavish2018,B,bacteria,TRUE,0DMSP
5,269136.6655,126186.6511,132697.0085,barakgavish2018,B,bacteria,TRUE,0DMSP
6,813795.1022,765505.8428,542043.0855,barakgavish2018,B,bacteria,TRUE,0DMSP
7,1667053.364,1297090.53,949527.2727,barakgavish2018,B,bacteria,TRUE,0DMSP
8,901385.3978,975069.8975,998203.0027,barakgavish2018,B,bacteria,TRUE,0DMSP
9,1429316.641,1307873.398,1043175.891,barakgavish2018,B,bacteria,TRUE,0DMSP
10,661615.1193,614358.4343,639804.2129,barakgavish2018,B,bacteria,TRUE,0DMSP
11,1181547.016,1172627.035,1050952.643,barakgavish2018,B,bacteria,TRUE,0DMSP
0,0,0,0,barakgavish2018,B,bacteria,TRUE,10DMSP
1,168949.6378,179130.6893,111927.2473,barakgavish2018,B,bacteria,TRUE,10DMSP
2,41788.79248,48810.25015,38716.4897,barakgavish2018,B,bacteria,TRUE,10DMSP
3,34853.32559,41973.94118,24461.982,barakgavish2018,B,bacteria,TRUE,10DMSP
4,59485.62431,34751.38282,45383.13842,barakgavish2018,B,bacteria,TRUE,10DMSP
5,80323.62271,90508.23857,77242.67072,barakgavish2018,B,bacteria,TRUE,10DMSP
6,507866.0868,385852.09,342109.0909,barakgavish2018,B,bacteria,TRUE,10DMSP
7,720354.9575,593074.9775,475815.6214,barakgavish2018,B,bacteria,TRUE,10DMSP
8,608572.1738,776710.301,666724.8451,barakgavish2018,B,bacteria,TRUE,10DMSP
9,977391.3043,605937.4909,261476.3994,barakgavish2018,B,bacteria,TRUE,10DMSP
10,775719.6278,671596.3462,508696.0309,barakgavish2018,B,bacteria,TRUE,10DMSP
11,1490510.186,1487876.242,1042222.939,barakgavish2018,B,bacteria,TRUE,10DMSP
0,0,0,0,barakgavish2018,B,bacteria,TRUE,100DMSP
1,31565.10302,14027.70472,24624.04362,barakgavish2018,B,bacteria,TRUE,100DMSP
2,45462.49344,48992.447,55826.9365,barakgavish2018,B,bacteria,TRUE,100DMSP
3,56046.93931,24461.982,27872.13657,barakgavish2018,B,bacteria,TRUE,100DMSP
4,24415.76561,55531.45336,56437.38977,barakgavish2018,B,bacteria,TRUE,100DMSP
5,153787.9009,63043.60516,123649.4244,barakgavish2018,B,bacteria,TRUE,100DMSP
6,914937.5782,850989.6242,575622.7244,barakgavish2018,B,bacteria,TRUE,100DMSP
7,825640.1324,692073.6125,429369.3274,barakgavish2018,B,bacteria,TRUE,100DMSP
8,987826.087,972040.763,842960.8128,barakgavish2018,B,bacteria,TRUE,100DMSP
9,1088681.447,1089195.322,833914.8639,barakgavish2018,B,bacteria,TRUE,100DMSP
10,824382.15,564001.3926,508700.6789,barakgavish2018,B,bacteria,TRUE,100DMSP
11,2095171.693,1625723.174,1395553.728,barakgavish2018,B,bacteria,TRUE,100DMSP
0,0,0,0,barakgavish2018,B,bacteria,TRUE,500DMSP
1,35473.57219,42580.87409,28103.0445,barakgavish2018,B,bacteria,TRUE,500DMSP
2,28110.45065,28173.97429,24431.38852,barakgavish2018,B,bacteria,TRUE,500DMSP
3,111972.9399,63797.73754,66136.79875,barakgavish2018,B,bacteria,TRUE,500DMSP
4,94479.92302,45548.77515,70401.87738,barakgavish2018,B,bacteria,TRUE,500DMSP
5,87125.72242,73647.60207,76880.51487,barakgavish2018,B,bacteria,TRUE,500DMSP
6,494859.7317,264424.4709,312979.9751,barakgavish2018,B,bacteria,TRUE,500DMSP
7,473317.8654,593835.9138,659321.4919,barakgavish2018,B,bacteria,TRUE,500DMSP
8,1164272.475,940821.1859,1060254.925,barakgavish2018,B,bacteria,TRUE,500DMSP
9,1251565.914,1034783.114,955966.0334,barakgavish2018,B,bacteria,TRUE,500DMSP
10,660242.7877,657963.4465,674704.3821,barakgavish2018,B,bacteria,TRUE,500DMSP
11,2040034.813,2044150.878,2043219.724,barakgavish2018,B,bacteria,TRUE,500DMSP
0,1000,1000,1000,barakgavish2018,B,bacteria,FALSE,0DMSP
1,176252.8641,253896.3555,244641.1929,barakgavish2018,B,bacteria,FALSE,0DMSP
2,3478159.851,3483217.963,3602401.601,barakgavish2018,B,bacteria,FALSE,0DMSP
3,4391856.621,4762870.47,4617790.132,barakgavish2018,B,bacteria,FALSE,0DMSP
4,5808580.858,6134174.212,5803871.566,barakgavish2018,B,bacteria,FALSE,0DMSP
5,9039114.905,7976304.556,7922559.703,barakgavish2018,B,bacteria,FALSE,0DMSP
6,22466562.45,20581849.76,23564230.28,barakgavish2018,B,bacteria,FALSE,0DMSP
7,46403246.85,48023660.4,51052509.56,barakgavish2018,B,bacteria,FALSE,0DMSP
8,77511579.43,75948048.94,85065492.06,barakgavish2018,B,bacteria,FALSE,0DMSP
9,118934521.1,109189439.6,129123639.7,barakgavish2018,B,bacteria,FALSE,0DMSP
10,112803613.8,102904717.9,123193296.7,barakgavish2018,B,bacteria,FALSE,0DMSP
11,138901990.3,169514647.5,171992121.9,barakgavish2018,B,bacteria,FALSE,0DMSP
0,1000,1000,1000,barakgavish2018,B,bacteria,FALSE,10DMSP
1,286262.8731,286607.3008,334936.754,barakgavish2018,B,bacteria,FALSE,10DMSP
2,4161728.825,3939341.119,3714707.671,barakgavish2018,B,bacteria,FALSE,10DMSP
3,6169102.296,6316155.182,6214614.117,barakgavish2018,B,bacteria,FALSE,10DMSP
4,7972878.999,7751005.178,8714248.457,barakgavish2018,B,bacteria,FALSE,10DMSP
5,10301503.17,14949623.62,10008398.25,barakgavish2018,B,bacteria,FALSE,10DMSP
6,27009813.86,36321105.18,29100902.57,barakgavish2018,B,bacteria,FALSE,10DMSP
7,52293673.82,58524361.95,57552830.68,barakgavish2018,B,bacteria,FALSE,10DMSP
8,70471558.84,81044011.69,66787707.07,barakgavish2018,B,bacteria,FALSE,10DMSP
9,87516498.78,97847595.9,118607719.5,barakgavish2018,B,bacteria,FALSE,10DMSP
10,87143931.94,110830587.8,123671520,barakgavish2018,B,bacteria,FALSE,10DMSP
11,134848905.9,145685479.2,156886956.5,barakgavish2018,B,bacteria,FALSE,10DMSP
0,1000,1000,1000,barakgavish2018,B,bacteria,FALSE,100DMSP
1,188816.6905,204946.9965,209016.0305,barakgavish2018,B,bacteria,FALSE,100DMSP
2,4868111.779,4590886.678,4279744.631,barakgavish2018,B,bacteria,FALSE,100DMSP
3,8384370.478,7740253.722,8251282.2,barakgavish2018,B,bacteria,FALSE,100DMSP
4,12500072.6,12132684.96,10562304.76,barakgavish2018,B,bacteria,FALSE,100DMSP
5,34126588.15,38448360.97,31561386.74,barakgavish2018,B,bacteria,FALSE,100DMSP
6,61199930.44,65389450.51,58142824.02,barakgavish2018,B,bacteria,FALSE,100DMSP
7,106976420.4,112829391.2,107683304.8,barakgavish2018,B,bacteria,FALSE,100DMSP
8,122127277.5,104034036.6,124999566,barakgavish2018,B,bacteria,FALSE,100DMSP
9,115269651.9,105851119.2,114785778.3,barakgavish2018,B,bacteria,FALSE,100DMSP
10,74742658.76,101978123.7,104200736,barakgavish2018,B,bacteria,FALSE,100DMSP
11,129638610,128729924.5,130742532.7,barakgavish2018,B,bacteria,FALSE,100DMSP
0,1000,1000,1000,barakgavish2018,B,bacteria,FALSE,500DMSP
1,193724.5003,283486.8887,194426.442,barakgavish2018,B,bacteria,FALSE,500DMSP
2,5656495.205,6480194.58,6197314.381,barakgavish2018,B,bacteria,FALSE,500DMSP
3,7600034.719,9470945.36,7597493.036,barakgavish2018,B,bacteria,FALSE,500DMSP
4,20039934.02,17165691.78,23425837.32,barakgavish2018,B,bacteria,FALSE,500DMSP
5,50052416.67,52673922.51,53467826.09,barakgavish2018,B,bacteria,FALSE,500DMSP
6,63358163.53,71367981.92,69941865.51,barakgavish2018,B,bacteria,FALSE,500DMSP
7,73002492.9,78256026.46,73703607.13,barakgavish2018,B,bacteria,FALSE,500DMSP
8,72725375.99,76562373.49,66738023.61,barakgavish2018,B,bacteria,FALSE,500DMSP
9,64707382.08,67199861.11,65422629.05,barakgavish2018,B,bacteria,FALSE,500DMSP
10,62351002,65785745.27,60656401.94,barakgavish2018,B,bacteria,FALSE,500DMSP
11,75672832.37,85375521.56,83361986.63,barakgavish2018,B,bacteria,FALSE,500DMSP
0,445488.6074,522911.6942,506689.9494,barakgavish2018,H,ehux2090,TRUE,replete
1,983899.1404,1003378.481,1029223.162,barakgavish2018,H,ehux2090,TRUE,replete
2,1955272.296,2017308.687,1981739.661,barakgavish2018,H,ehux2090,TRUE,replete
3,3783529.979,3830064.13,3898392.098,barakgavish2018,H,ehux2090,TRUE,replete
4,5714048.089,5669359.021,5644737.032,barakgavish2018,H,ehux2090,TRUE,replete
5,5622460.151,5985156.18,5987340.358,barakgavish2018,H,ehux2090,TRUE,replete
6,6201556.371,6138985.336,6073398.775,barakgavish2018,H,ehux2090,TRUE,replete
7,6306153.733,6192761.922,6237314.157,barakgavish2018,H,ehux2090,TRUE,replete
8,6634096.266,6697040.967,6572553.304,barakgavish2018,H,ehux2090,TRUE,replete
9,6338027.056,6320686.674,6427800.287,barakgavish2018,H,ehux2090,TRUE,replete
10,6828609.741,6591739.762,6695222.667,barakgavish2018,H,ehux2090,TRUE,replete
11,6658914.235,6401268.547,6776967.001,barakgavish2018,H,ehux2090,TRUE,replete
12,6563122.206,6844049.893,6392301.897,barakgavish2018,H,ehux2090,TRUE,replete
13,6754421.385,6919555.127,6923533.431,barakgavish2018,H,ehux2090,TRUE,replete
0,466487.4151,489849.2588,467820.0379,barakgavish2018,H,ehux2090,TRUE,DMSP
1,937471.8091,950117.3033,931625.939,barakgavish2018,H,ehux2090,TRUE,DMSP
2,1856619.045,1882778.304,1929895.611,barakgavish2018,H,ehux2090,TRUE,DMSP
3,3449079.533,3420422.159,3481608.699,barakgavish2018,H,ehux2090,TRUE,DMSP
4,5376741.046,5307520.148,5472085.646,barakgavish2018,H,ehux2090,TRUE,DMSP
5,5686446.39,5593757.993,5867104.167,barakgavish2018,H,ehux2090,TRUE,DMSP
6,5963582.108,5750866.473,6040890.174,barakgavish2018,H,ehux2090,TRUE,DMSP
7,5849806.274,6252479.067,6001250.181,barakgavish2018,H,ehux2090,TRUE,DMSP
8,6475328.596,6345114.424,6493193.279,barakgavish2018,H,ehux2090,TRUE,DMSP
9,6476480.362,6112556.58,6469551.022,barakgavish2018,H,ehux2090,TRUE,DMSP
10,6673751.237,6568626.702,6559462.979,barakgavish2018,H,ehux2090,TRUE,DMSP
11,6773260.137,6765772.047,6882298.281,barakgavish2018,H,ehux2090,TRUE,DMSP
12,6533537.872,6713820.042,6706185.716,barakgavish2018,H,ehux2090,TRUE,DMSP
13,6771334.432,6747138.31,6699983.602,barakgavish2018,H,ehux2090,TRUE,DMSP
0,475807.3682,483596.4981,498585.0102,barakgavish2018,H,ehux2090,TRUE,Glycerol
1,943724.7934,997231.821,1005520.239,barakgavish2018,H,ehux2090,TRUE,Glycerol
2,1858856.255,1912779.738,1963040.826,barakgavish2018,H,ehux2090,TRUE,Glycerol
3,3601309.425,3593260.488,3796914.914,barakgavish2018,H,ehux2090,TRUE,Glycerol
4,5509525.973,5516265.646,5618552.197,barakgavish2018,H,ehux2090,TRUE,Glycerol
5,5719806.309,5879476.894,5856981.896,barakgavish2018,H,ehux2090,TRUE,Glycerol
6,5926209.668,5980401.784,6212712.17,barakgavish2018,H,ehux2090,TRUE,Glycerol
7,5686686.616,6055135.88,6141090.922,barakgavish2018,H,ehux2090,TRUE,Glycerol
8,5841884.774,6482837.368,6484763.466,barakgavish2018,H,ehux2090,TRUE,Glycerol
9,6353370.994,5611289.721,6430342.58,barakgavish2018,H,ehux2090,TRUE,Glycerol
10,6542670.857,6533279.166,6531361.88,barakgavish2018,H,ehux2090,TRUE,Glycerol
11,6691237.222,6907335.614,6819044.827,barakgavish2018,H,ehux2090,TRUE,Glycerol
12,6735978.883,6627430.795,6765699.474,barakgavish2018,H,ehux2090,TRUE,Glycerol
13,6811616.089,6812142.717,6619877.772,barakgavish2018,H,ehux2090,TRUE,Glycerol
0,479473.2909,493065.2616,480806.1007,barakgavish2018,H,ehux2090,TRUE,Propionate
1,1010092.7,970488.5547,967562.7343,barakgavish2018,H,ehux2090,TRUE,Propionate
2,1933567.418,1926158.048,1952775.543,barakgavish2018,H,ehux2090,TRUE,Propionate
3,3404339.077,3501078.715,3481733.345,barakgavish2018,H,ehux2090,TRUE,Propionate
4,5592678.057,5461489.573,5482889.788,barakgavish2018,H,ehux2090,TRUE,Propionate
5,6022871.665,5823717.973,5834017.261,barakgavish2018,H,ehux2090,TRUE,Propionate
6,6142868.943,6051882.376,5985608.435,barakgavish2018,H,ehux2090,TRUE,Propionate
7,6257616.089,5930433.275,6049163.584,barakgavish2018,H,ehux2090,TRUE,Propionate
8,6502424.387,6354226.376,6482768.512,barakgavish2018,H,ehux2090,TRUE,Propionate
9,6461703.046,6401917.505,6507988.746,barakgavish2018,H,ehux2090,TRUE,Propionate
10,6641886.541,6523505.929,6540790.928,barakgavish2018,H,ehux2090,TRUE,Propionate
11,6938476.208,6630128.948,6718082.383,barakgavish2018,H,ehux2090,TRUE,Propionate
12,6796271.147,6612081.739,6633095.323,barakgavish2018,H,ehux2090,TRUE,Propionate
13,6802230.991,6792966.674,6731576.234,barakgavish2018,H,ehux2090,TRUE,Propionate
0,488403.5751,483842.9789,490678.2276,barakgavish2018,H,ehux2090,FALSE,infected2090D7
1,1242299.357,1254525.327,1243653.329,barakgavish2018,H,ehux2090,FALSE,infected2090D7
2,2698339.823,2733462.393,2652807.564,barakgavish2018,H,ehux2090,FALSE,infected2090D7
3,4927366.69,4818344.008,4700107.497,barakgavish2018,H,ehux2090,FALSE,infected2090D7
4,6310646.226,6179994.047,6094945.329,barakgavish2018,H,ehux2090,FALSE,infected2090D7
5,6459128.417,6389430.969,6216902.688,barakgavish2018,H,ehux2090,FALSE,infected2090D7
6,6483591.049,6598025.584,6296358.418,barakgavish2018,H,ehux2090,FALSE,infected2090D7
7,6556413.688,6551389.217,6535259.628,barakgavish2018,H,ehux2090,FALSE,infected2090D7
8,6707234.101,6665677.052,6564325.918,barakgavish2018,H,ehux2090,FALSE,infected2090D7
9,6504259.469,6568312.163,6555795.603,barakgavish2018,H,ehux2090,FALSE,infected2090D7
10,6810732.699,6840312.225,6935440.118,barakgavish2018,H,ehux2090,FALSE,infected2090D7
11,7074528.233,6851995.599,6535820.93,barakgavish2018,H,ehux2090,FALSE,infected2090D7
12,6942514.479,7133458.126,6881816.247,barakgavish2018,H,ehux2090,FALSE,infected2090D7
13,6898356.685,6994564.689,6894990.26,barakgavish2018,H,ehux2090,FALSE,infected2090D7
0,459583.5306,487682.7909,467025.9945,barakgavish2018,H,ehux2090,FALSE,infected2090D7DMSP
1,1267034.873,1325576.651,1244446.416,barakgavish2018,H,ehux2090,FALSE,infected2090D7DMSP
2,2167003.291,2131320.544,2145881.223,barakgavish2018,H,ehux2090,FALSE,infected2090D7DMSP
3,3033341.306,2903714.391,2868015.826,barakgavish2018,H,ehux2090,FALSE,infected2090D7DMSP
4,3047171.404,2995966.916,3058604.349,barakgavish2018,H,ehux2090,FALSE,infected2090D7DMSP
5,2555940.91,2585478.2,2718262.71,barakgavish2018,H,ehux2090,FALSE,infected2090D7DMSP
6,2140438.043,2161883.711,2251147.651,barakgavish2018,H,ehux2090,FALSE,infected2090D7DMSP
7,1821598.893,1963318.521,2029444.733,barakgavish2018,H,ehux2090,FALSE,infected2090D7DMSP
8,1502543.365,1629049.773,1735076.172,barakgavish2018,H,ehux2090,FALSE,infected2090D7DMSP
9,1249784.702,1506252.631,1538883.787,barakgavish2018,H,ehux2090,FALSE,infected2090D7DMSP
10,1149098.926,1262939.707,1335055.017,barakgavish2018,H,ehux2090,FALSE,infected2090D7DMSP
11,1030563.29,1173290.313,1217282.856,barakgavish2018,H,ehux2090,FALSE,infected2090D7DMSP
12,1031677.215,1074692.201,1124169.879,barakgavish2018,H,ehux2090,FALSE,infected2090D7DMSP
13,983082.0895,1029669.902,1085281.932,barakgavish2018,H,ehux2090,FALSE,infected2090D7DMSP
0,476585.7712,444959.7575,457415.8481,barakgavish2018,H,ehux2090,FALSE,infected2090D7Glycerol
1,1229517.181,1190951.847,1220597.479,barakgavish2018,H,ehux2090,FALSE,infected2090D7Glycerol
2,2597962.728,2534399.668,2527021.989,barakgavish2018,H,ehux2090,FALSE,infected2090D7Glycerol
3,4600197.596,4531942.02,4681430.546,barakgavish2018,H,ehux2090,FALSE,infected2090D7Glycerol
4,5398619.242,5410349.803,5528993.081,barakgavish2018,H,ehux2090,FALSE,infected2090D7Glycerol
5,5622418.04,5566992.079,5636298.143,barakgavish2018,H,ehux2090,FALSE,infected2090D7Glycerol
6,5622368.968,5637469.667,5806699.962,barakgavish2018,H,ehux2090,FALSE,infected2090D7Glycerol
7,5622384.429,5666643.623,5551316.6,barakgavish2018,H,ehux2090,FALSE,infected2090D7Glycerol
8,5897525.574,5942138.211,5975726.474,barakgavish2018,H,ehux2090,FALSE,infected2090D7Glycerol
9,5985302.16,5918958.272,5943609.696,barakgavish2018,H,ehux2090,FALSE,infected2090D7Glycerol
10,6038861.987,6016420.46,6017107.615,barakgavish2018,H,ehux2090,FALSE,infected2090D7Glycerol
11,6199935.535,6010979.981,6146405.046,barakgavish2018,H,ehux2090,FALSE,infected2090D7Glycerol
12,6090621.399,6203534.599,6189099.57,barakgavish2018,H,ehux2090,FALSE,infected2090D7Glycerol
13,6095647.378,6230262.631,6155706.504,barakgavish2018,H,ehux2090,FALSE,infected2090D7Glycerol
0,462949.8096,473774.9863,473621.5017,barakgavish2018,H,ehux2090,FALSE,infected2090D7Propionate
1,1230620.753,1228371.566,1261724.997,barakgavish2018,H,ehux2090,FALSE,infected2090D7Propionate
2,2483631.484,2638735.648,2639643.878,barakgavish2018,H,ehux2090,FALSE,infected2090D7Propionate
3,4757571.507,4769140.157,4843339.482,barakgavish2018,H,ehux2090,FALSE,infected2090D7Propionate
4,5741288.399,5737619.583,5706082.508,barakgavish2018,H,ehux2090,FALSE,infected2090D7Propionate
5,5863207.456,5975702.012,5809555.597,barakgavish2018,H,ehux2090,FALSE,infected2090D7Propionate
6,5843334.66,6047333.78,5982439.937,barakgavish2018,H,ehux2090,FALSE,infected2090D7Propionate
7,5932330.969,5963821.565,6123541.62,barakgavish2018,H,ehux2090,FALSE,infected2090D7Propionate
8,6249067.709,6314598.299,6243718.676,barakgavish2018,H,ehux2090,FALSE,infected2090D7Propionate
9,6399261.869,6379774.488,6249399.589,barakgavish2018,H,ehux2090,FALSE,infected2090D7Propionate
10,6371417.409,6436754.221,6413863.69,barakgavish2018,H,ehux2090,FALSE,infected2090D7Propionate
11,6459670.211,6538726.272,6352896.439,barakgavish2018,H,ehux2090,FALSE,infected2090D7Propionate
12,6507242.871,6606354.855,6518372.895,barakgavish2018,H,ehux2090,FALSE,infected2090D7Propionate
13,6521272.178,6575612.885,6644264.481,barakgavish2018,H,ehux2090,FALSE,infected2090D7Propionate
0,0,0,0,barakgavish2018,B,bacteria,TRUE,2090replete
1,85313.11097,93031.57706,81545.82521,barakgavish2018,B,bacteria,TRUE,2090replete
2,101903.3675,200369.101,245880.0457,barakgavish2018,B,bacteria,TRUE,2090replete
3,351390.9224,276742.9484,286624.2038,barakgavish2018,B,bacteria,TRUE,2090replete
4,119651.6027,172332.9426,116539.1407,barakgavish2018,B,bacteria,TRUE,2090replete
5,210004.3751,122746.0034,144637.8175,barakgavish2018,B,bacteria,TRUE,2090replete
6,109753.9388,120790.6296,128391.8329,barakgavish2018,B,bacteria,TRUE,2090replete
7,200981.4004,165439.5588,210070.3201,barakgavish2018,B,bacteria,TRUE,2090replete
8,212444.8572,201247.4991,244313.8852,barakgavish2018,B,bacteria,TRUE,2090replete
9,80265.22422,153608.9372,261894.3693,barakgavish2018,B,bacteria,TRUE,2090replete
10,278692.3801,207502.9308,193770.0009,barakgavish2018,B,bacteria,TRUE,2090replete
11,252115.553,147071.6975,214266.8969,barakgavish2018,B,bacteria,TRUE,2090replete
12,444535.1924,264138.7609,309950.1027,barakgavish2018,B,bacteria,TRUE,2090replete
13,512492.7368,237520.0116,244129.2723,barakgavish2018,B,bacteria,TRUE,2090replete
0,0,0,0,barakgavish2018,B,bacteria,TRUE,2090DMSP
1,124378.1095,97558.038,84589.92277,barakgavish2018,B,bacteria,TRUE,2090DMSP
2,155380.9482,104422.9731,403920.05,barakgavish2018,B,bacteria,TRUE,2090DMSP
3,139530.8276,202862.2227,210846.9017,barakgavish2018,B,bacteria,TRUE,2090DMSP
4,167524.6488,158200.0352,145803.6984,barakgavish2018,B,bacteria,TRUE,2090DMSP
5,145894.4934,196175.7408,227770.4774,barakgavish2018,B,bacteria,TRUE,2090DMSP
6,114781.0492,158949.7542,91425.89228,barakgavish2018,B,bacteria,TRUE,2090DMSP
7,264838.3015,189351.8789,260908.414,barakgavish2018,B,bacteria,TRUE,2090DMSP
8,262858.1442,454241.0389,258824.2152,barakgavish2018,B,bacteria,TRUE,2090DMSP
9,167549.0139,111605.1966,115159.7988,barakgavish2018,B,bacteria,TRUE,2090DMSP
10,259171.7013,258854.3944,200468.9332,barakgavish2018,B,bacteria,TRUE,2090DMSP
11,150432.932,80664.01683,248403.7435,barakgavish2018,B,bacteria,TRUE,2090DMSP
12,314648.6423,342168.8149,306932.132,barakgavish2018,B,bacteria,TRUE,2090DMSP
13,199892.9145,147174.77,209888.0597,barakgavish2018,B,bacteria,TRUE,2090DMSP
0,0,0,0,barakgavish2018,B,bacteria,TRUE,2090Glycerol
1,103172.2502,82870.43987,99385.21326,barakgavish2018,B,bacteria,TRUE,2090Glycerol
2,344948.9616,164676.3409,480673.6448,barakgavish2018,B,bacteria,TRUE,2090Glycerol
3,108155.2551,105358.6584,132253.068,barakgavish2018,B,bacteria,TRUE,2090Glycerol
4,179561.6583,122477.5458,116367.9107,barakgavish2018,B,bacteria,TRUE,2090Glycerol
5,108372.6621,109427.857,102888.567,barakgavish2018,B,bacteria,TRUE,2090Glycerol
6,207624.6334,166637.1211,199568.1858,barakgavish2018,B,bacteria,TRUE,2090Glycerol
7,190308.37,95628.81851,147333.957,barakgavish2018,B,bacteria,TRUE,2090Glycerol
8,166760.2969,189385.083,242630.2526,barakgavish2018,B,bacteria,TRUE,2090Glycerol
9,132782.0162,104742.508,97643.19549,barakgavish2018,B,bacteria,TRUE,2090Glycerol
10,156926.5642,110961.9687,205602.9818,barakgavish2018,B,bacteria,TRUE,2090Glycerol
11,136400.347,168519.6021,150275.2133,barakgavish2018,B,bacteria,TRUE,2090Glycerol
12,276167.4484,184948.2378,235005.2613,barakgavish2018,B,bacteria,TRUE,2090Glycerol
13,192644.4834,171533.592,133889.2478,barakgavish2018,B,bacteria,TRUE,2090Glycerol
0,0,0,0,barakgavish2018,B,bacteria,TRUE,2090Propionate
1,124489.1544,165575.5512,214185.3933,barakgavish2018,B,bacteria,TRUE,2090Propionate
2,211343.2836,239894.1643,60571.86971,barakgavish2018,B,bacteria,TRUE,2090Propionate
3,203160.2709,235602.0942,126127.7043,barakgavish2018,B,bacteria,TRUE,2090Propionate
4,116159.6902,217226.2774,180137.7524,barakgavish2018,B,bacteria,TRUE,2090Propionate
5,115830.1158,129336.7124,141476.067,barakgavish2018,B,bacteria,TRUE,2090Propionate
6,167817.1864,133391.8385,115461.9938,barakgavish2018,B,bacteria,TRUE,2090Propionate
7,161139.6544,202927.2844,149612.6102,barakgavish2018,B,bacteria,TRUE,2090Propionate
8,227199.9068,206293.7063,283986.3266,barakgavish2018,B,bacteria,TRUE,2090Propionate
9,174423.6751,160427.8075,94046.61693,barakgavish2018,B,bacteria,TRUE,2090Propionate
10,118594.3086,189862.2912,119521.9124,barakgavish2018,B,bacteria,TRUE,2090Propionate
11,153412.5577,202927.2844,136212.818,barakgavish2018,B,bacteria,TRUE,2090Propionate
12,492476.0602,259451.8787,237271.3791,barakgavish2018,B,bacteria,TRUE,2090Propionate
13,198889.2443,261825.7986,202354.9935,barakgavish2018,B,bacteria,TRUE,2090Propionate
0,1000000,1000000,1000000,barakgavish2018,B,bacteria,FALSE,infected2090D7
1,4663094.088,5278019.871,4918860.859,barakgavish2018,B,bacteria,FALSE,infected2090D7
2,5358077.84,5398551.778,5360165.179,barakgavish2018,B,bacteria,FALSE,infected2090D7
3,5666986.146,6269961.534,5998779.318,barakgavish2018,B,bacteria,FALSE,infected2090D7
4,5771375.465,5157463.142,5780487.805,barakgavish2018,B,bacteria,FALSE,infected2090D7
5,6040455.708,6178586.048,6170194.234,barakgavish2018,B,bacteria,FALSE,infected2090D7
6,5571590.348,5212843.237,5042486.323,barakgavish2018,B,bacteria,FALSE,infected2090D7
7,7018440.54,7715482.145,7075866.884,barakgavish2018,B,bacteria,FALSE,infected2090D7
8,5756483.312,9242838.05,5439262.156,barakgavish2018,B,bacteria,FALSE,infected2090D7
9,10461359.34,5786332.004,11071231.2,barakgavish2018,B,bacteria,FALSE,infected2090D7
10,9213071.895,8905555.071,9050201.154,barakgavish2018,B,bacteria,FALSE,infected2090D7
11,9943226.483,10655413.27,10240921.79,barakgavish2018,B,bacteria,FALSE,infected2090D7
12,11738296.02,11419918.46,11711910.71,barakgavish2018,B,bacteria,FALSE,infected2090D7
13,11569584.93,12442661.55,12884056.29,barakgavish2018,B,bacteria,FALSE,infected2090D7
0,1000000,1000000,1000000,barakgavish2018,B,bacteria,FALSE,infected2090D7DMSP
1,6448541.153,8311960.22,8027653.518,barakgavish2018,B,bacteria,FALSE,infected2090D7DMSP
2,9937505.45,9469639.634,9481127.957,barakgavish2018,B,bacteria,FALSE,infected2090D7DMSP
3,12080958.47,12636914.47,12107560.68,barakgavish2018,B,bacteria,FALSE,infected2090D7DMSP
4,18378441.17,18905639.98,18978076.69,barakgavish2018,B,bacteria,FALSE,infected2090D7DMSP
5,24312241.69,24568822.79,23519483.17,barakgavish2018,B,bacteria,FALSE,infected2090D7DMSP
6,28683267.8,28502437.89,27577748.07,barakgavish2018,B,bacteria,FALSE,infected2090D7DMSP
7,33567850.9,32736468.81,32342156.49,barakgavish2018,B,bacteria,FALSE,infected2090D7DMSP
8,47584040.94,48000000,36676940.97,barakgavish2018,B,bacteria,FALSE,infected2090D7DMSP
9,52948568.77,49798864.79,33069986.62,barakgavish2018,B,bacteria,FALSE,infected2090D7DMSP
10,48201639.63,48166560.2,44842783.73,barakgavish2018,B,bacteria,FALSE,infected2090D7DMSP
11,49014869.89,50073574.32,49962461.81,barakgavish2018,B,bacteria,FALSE,infected2090D7DMSP
12,52500000,52702914.77,56835325.52,barakgavish2018,B,bacteria,FALSE,infected2090D7DMSP
13,55127699.09,54214578.31,54354233.89,barakgavish2018,B,bacteria,FALSE,infected2090D7DMSP
0,1000000,1000000,1000000,barakgavish2018,B,bacteria,FALSE,infected2090D7Glycerol
1,11698135.13,11737653.51,11558509.71,barakgavish2018,B,bacteria,FALSE,infected2090D7Glycerol
2,27661123.57,27570490.09,27632428.66,barakgavish2018,B,bacteria,FALSE,infected2090D7Glycerol
3,31698574.34,29221731.04,28960465.12,barakgavish2018,B,bacteria,FALSE,infected2090D7Glycerol
4,30303700.26,29145752.05,28433383.84,barakgavish2018,B,bacteria,FALSE,infected2090D7Glycerol
5,29751777.18,29286481.78,30248409.31,barakgavish2018,B,bacteria,FALSE,infected2090D7Glycerol
6,27947501.67,27359065.96,27137661.13,barakgavish2018,B,bacteria,FALSE,infected2090D7Glycerol
7,28973829,28916712.66,28605990.11,barakgavish2018,B,bacteria,FALSE,infected2090D7Glycerol
8,33947299.46,34926312.11,31918944.89,barakgavish2018,B,bacteria,FALSE,infected2090D7Glycerol
9,32221414.66,31938885.18,32409064.5,barakgavish2018,B,bacteria,FALSE,infected2090D7Glycerol
10,30628258.53,28609179.01,51755405.72,barakgavish2018,B,bacteria,FALSE,infected2090D7Glycerol
11,30621098.17,28275721.72,29079272.73,barakgavish2018,B,bacteria,FALSE,infected2090D7Glycerol
12,32983964.68,37765064.61,32407590.09,barakgavish2018,B,bacteria,FALSE,infected2090D7Glycerol
13,33776614.31,34582001.98,34376889.1,barakgavish2018,B,bacteria,FALSE,infected2090D7Glycerol
0,1000000,1000000,1000000,barakgavish2018,B,bacteria,FALSE,infected2090D7Propionate
1,8561211.734,8833309.154,9032633.355,barakgavish2018,B,bacteria,FALSE,infected2090D7Propionate
2,17587349.57,17104964.66,17764202.81,barakgavish2018,B,bacteria,FALSE,infected2090D7Propionate
3,21805810,20871539.6,21151820.27,barakgavish2018,B,bacteria,FALSE,infected2090D7Propionate
4,23634461.11,20078052.19,20900407.69,barakgavish2018,B,bacteria,FALSE,infected2090D7Propionate
5,24065674.94,22986288.64,22058746.62,barakgavish2018,B,bacteria,FALSE,infected2090D7Propionate
6,19232805,20334078.96,20506727.24,barakgavish2018,B,bacteria,FALSE,infected2090D7Propionate
7,22041598.88,19586704.7,20472560.09,barakgavish2018,B,bacteria,FALSE,infected2090D7Propionate
8,22555655.79,24376254.33,23397744.16,barakgavish2018,B,bacteria,FALSE,infected2090D7Propionate
9,25154483.36,24137350.03,24424067.77,barakgavish2018,B,bacteria,FALSE,infected2090D7Propionate
10,21973404.72,21850631.36,22788302.05,barakgavish2018,B,bacteria,FALSE,infected2090D7Propionate
11,22156371.89,21388138.99,22329069.77,barakgavish2018,B,bacteria,FALSE,infected2090D7Propionate
12,26493008.11,25585050.65,26276990.94,barakgavish2018,B,bacteria,FALSE,infected2090D7Propionate
13,25589182.6,25133247.99,25327053.9,barakgavish2018,B,bacteria,FALSE,infected2090D7Propionate
0,536576.829,570283.9626,547588.3207,barakgavish2018,H,ehux379,TRUE,replete
1,951567.8266,932563.6932,882668.1825,barakgavish2018,H,ehux379,TRUE,replete
2,1665122.398,1700102.964,1670732.412,barakgavish2018,H,ehux379,TRUE,replete
3,2879988.869,2579809.345,2813377.893,barakgavish2018,H,ehux379,TRUE,replete
4,4007314.819,3931517.475,4078699.236,barakgavish2018,H,ehux379,TRUE,replete
5,5146997.212,4978948.403,5018062.287,barakgavish2018,H,ehux379,TRUE,replete
6,5823751.541,5177751.647,5540558.801,barakgavish2018,H,ehux379,TRUE,replete
7,5450134.321,5452788.545,5611664.927,barakgavish2018,H,ehux379,TRUE,replete
8,4815395.758,4431847.321,4250543.452,barakgavish2018,H,ehux379,TRUE,replete
9,4819178.153,4614145.213,4536448.028,barakgavish2018,H,ehux379,TRUE,replete
10,5346076.064,5108771.69,4907223.955,barakgavish2018,H,ehux379,TRUE,replete
11,5739793.664,5292229.022,4803931.87,barakgavish2018,H,ehux379,TRUE,replete
12,6042091.317,5363090.049,5387414.113,barakgavish2018,H,ehux379,TRUE,replete
13,5424118.811,4928205.188,5036636.278,barakgavish2018,H,ehux379,TRUE,replete
0,667362.3986,648435.4135,625438.6197,barakgavish2018,H,ehux379,TRUE,DMSP
1,1022404.788,990274.0761,957660.8653,barakgavish2018,H,ehux379,TRUE,DMSP
2,1713135.132,1704495.396,1564035.008,barakgavish2018,H,ehux379,TRUE,DMSP
3,2594546.549,2767907.73,2537696.488,barakgavish2018,H,ehux379,TRUE,DMSP
4,3731695.914,3871750.03,3443196.079,barakgavish2018,H,ehux379,TRUE,DMSP
5,4754536.538,4725685.028,4629257.648,barakgavish2018,H,ehux379,TRUE,DMSP
6,5300172.785,4876209.424,5219521.77,barakgavish2018,H,ehux379,TRUE,DMSP
7,5491455.81,5082449.216,5151627.505,barakgavish2018,H,ehux379,TRUE,DMSP
8,4638250.43,4539843.53,4376015.194,barakgavish2018,H,ehux379,TRUE,DMSP
9,4952473.992,4745274.178,4842880.479,barakgavish2018,H,ehux379,TRUE,DMSP
10,5374649.191,5131564.802,5225653.728,barakgavish2018,H,ehux379,TRUE,DMSP
11,5022120.549,5243126.007,5434703.58,barakgavish2018,H,ehux379,TRUE,DMSP
12,5698403.128,5690115.453,5735995.122,barakgavish2018,H,ehux379,TRUE,DMSP
13,5506610.753,5435437.444,5491391.135,barakgavish2018,H,ehux379,TRUE,DMSP
0,552158.5669,532644.2916,536779.0519,barakgavish2018,H,ehux379,TRUE,Glycerol
1,827647.9106,879486.8938,854436.0734,barakgavish2018,H,ehux379,TRUE,Glycerol
2,1520868.333,1508058.643,1479946.219,barakgavish2018,H,ehux379,TRUE,Glycerol
3,2698453.052,2729955.149,2850544.687,barakgavish2018,H,ehux379,TRUE,Glycerol
4,3769051.078,3805905.826,3678517.234,barakgavish2018,H,ehux379,TRUE,Glycerol
5,4818534.065,5113617.066,4702701.934,barakgavish2018,H,ehux379,TRUE,Glycerol
6,5404474.821,5459396.358,5433238.57,barakgavish2018,H,ehux379,TRUE,Glycerol
7,5599215.985,6018979.986,5604609.098,barakgavish2018,H,ehux379,TRUE,Glycerol
8,4738540.687,4723716.777,4893398.313,barakgavish2018,H,ehux379,TRUE,Glycerol
9,4755987.483,5207332.648,5231103.271,barakgavish2018,H,ehux379,TRUE,Glycerol
10,5161687.172,5378981.634,5376848.671,barakgavish2018,H,ehux379,TRUE,Glycerol
11,5124943.213,5488356.462,5361098.58,barakgavish2018,H,ehux379,TRUE,Glycerol
12,5624118.466,5782903.711,5896206.105,barakgavish2018,H,ehux379,TRUE,Glycerol
13,5516564.943,5285488.293,5446414.978,barakgavish2018,H,ehux379,TRUE,Glycerol
0,555578.4024,505747.3739,563744.2794,barakgavish2018,H,ehux379,TRUE,Propionate
1,869561.8296,833544.1086,851377.9261,barakgavish2018,H,ehux379,TRUE,Propionate
2,1589270.45,1497715.984,1545885.495,barakgavish2018,H,ehux379,TRUE,Propionate
3,2632078.108,2531554.297,2588333.214,barakgavish2018,H,ehux379,TRUE,Propionate
4,3684779.895,3572699.337,3648880.562,barakgavish2018,H,ehux379,TRUE,Propionate
5,4790878.648,5003449.332,4919028.916,barakgavish2018,H,ehux379,TRUE,Propionate
6,5420965.436,5540327.4,5302929.48,barakgavish2018,H,ehux379,TRUE,Propionate
7,5393471.003,5442208.309,5264193.016,barakgavish2018,H,ehux379,TRUE,Propionate
8,4703307.896,4560675.492,4732038.09,barakgavish2018,H,ehux379,TRUE,Propionate
9,4672009.302,4732506.518,4845593.836,barakgavish2018,H,ehux379,TRUE,Propionate
10,5010027.965,5110673.229,5203492.964,barakgavish2018,H,ehux379,TRUE,Propionate
11,4993532.96,5033840.891,5341816.071,barakgavish2018,H,ehux379,TRUE,Propionate
12,5194697.392,5436398.635,5670153.234,barakgavish2018,H,ehux379,TRUE,Propionate
13,5278658.812,5321437.773,5409655.03,barakgavish2018,H,ehux379,TRUE,Propionate
0,646359.1158,599136.5436,601369.8193,barakgavish2018,H,ehux379,FALSE,infected379D7
1,1022387.611,964907.4134,1027976.498,barakgavish2018,H,ehux379,FALSE,infected379D7
2,1835720.591,1739012.424,1744506.4,barakgavish2018,H,ehux379,FALSE,infected379D7
3,2888197.436,2786012.038,2911211.535,barakgavish2018,H,ehux379,FALSE,infected379D7
4,4100529.594,4156990.665,4045368.135,barakgavish2018,H,ehux379,FALSE,infected379D7
5,5118588.618,5138020.016,5151413.775,barakgavish2018,H,ehux379,FALSE,infected379D7
6,5015564.801,5301224.308,5485599.432,barakgavish2018,H,ehux379,FALSE,infected379D7
7,4727038.424,4918208.973,5232062.067,barakgavish2018,H,ehux379,FALSE,infected379D7
8,1890299.028,2058798.707,2695395.05,barakgavish2018,H,ehux379,FALSE,infected379D7
9,1450190.808,1818151.496,2287009.929,barakgavish2018,H,ehux379,FALSE,infected379D7
10,537815.3736,894840.6357,1442797.762,barakgavish2018,H,ehux379,FALSE,infected379D7
11,163351.2178,296088.3961,510062.0349,barakgavish2018,H,ehux379,FALSE,infected379D7
12,92010.14867,125858.1311,149613.1635,barakgavish2018,H,ehux379,FALSE,infected379D7
13,40538.48093,60491.20497,71488.23756,barakgavish2018,H,ehux379,FALSE,infected379D7
0,635445.097,603270.4341,622521.6022,barakgavish2018,H,ehux379,FALSE,infected379D7DMSP
1,829417.8558,805420.2781,844723.7708,barakgavish2018,H,ehux379,FALSE,infected379D7DMSP
2,1504952.436,1510876.779,1538896.679,barakgavish2018,H,ehux379,FALSE,infected379D7DMSP
3,2665345.538,2624364.23,2696581.34,barakgavish2018,H,ehux379,FALSE,infected379D7DMSP
4,3101673.418,2862285.623,2925911.233,barakgavish2018,H,ehux379,FALSE,infected379D7DMSP
5,2714575.603,2035440.283,1929716.84,barakgavish2018,H,ehux379,FALSE,infected379D7DMSP
6,1707543.789,429854.8944,331766.7526,barakgavish2018,H,ehux379,FALSE,infected379D7DMSP
7,1029936.474,29688.885,25118.26971,barakgavish2018,H,ehux379,FALSE,infected379D7DMSP
8,69505.38858,4787.516074,5258.016503,barakgavish2018,H,ehux379,FALSE,infected379D7DMSP
9,9389.638677,2447.194621,1299.19922,barakgavish2018,H,ehux379,FALSE,infected379D7DMSP
10,2544.134142,1897.528817,607.474673,barakgavish2018,H,ehux379,FALSE,infected379D7DMSP
11,1459.786168,805.8674332,576.3387112,barakgavish2018,H,ehux379,FALSE,infected379D7DMSP
12,727.1775252,577.1704738,306.0215456,barakgavish2018,H,ehux379,FALSE,infected379D7DMSP
13,759.3640514,341.8539222,265.8086723,barakgavish2018,H,ehux379,FALSE,infected379D7DMSP
0,549982.9903,550115.9931,528193.7729,barakgavish2018,H,ehux379,FALSE,infected379D7Glycerol
1,856546.2052,854542.6323,873340.2836,barakgavish2018,H,ehux379,FALSE,infected379D7Glycerol
2,1468401.484,1469901.486,1562735.216,barakgavish2018,H,ehux379,FALSE,infected379D7Glycerol
3,2469858.57,2578665.855,2761116.072,barakgavish2018,H,ehux379,FALSE,infected379D7Glycerol
4,3675013.679,3617391.873,3946148.515,barakgavish2018,H,ehux379,FALSE,infected379D7Glycerol
5,4515392.422,4934650.708,4377475.502,barakgavish2018,H,ehux379,FALSE,infected379D7Glycerol
6,4421028.382,4703840.874,4207893.482,barakgavish2018,H,ehux379,FALSE,infected379D7Glycerol
7,3805125.971,3866297.644,3579772.627,barakgavish2018,H,ehux379,FALSE,infected379D7Glycerol
8,2009037.919,2154539.954,1906425.263,barakgavish2018,H,ehux379,FALSE,infected379D7Glycerol
9,936568.1348,1339080.324,1517520.489,barakgavish2018,H,ehux379,FALSE,infected379D7Glycerol
10,40636.85066,211481.882,982948.65,barakgavish2018,H,ehux379,FALSE,infected379D7Glycerol
11,12225.6997,29047.63224,598537.8645,barakgavish2018,H,ehux379,FALSE,infected379D7Glycerol
12,6825.304829,11556.22056,363674.5379,barakgavish2018,H,ehux379,FALSE,infected379D7Glycerol
13,3529.476073,4401.979571,224815.4089,barakgavish2018,H,ehux379,FALSE,infected379D7Glycerol
0,568958.3724,537450.7028,539887.5004,barakgavish2018,H,ehux379,FALSE,infected379D7Propionate
1,862896.7974,822828.9022,770062.5052,barakgavish2018,H,ehux379,FALSE,infected379D7Propionate
2,1550844.934,1451633.636,1335054.43,barakgavish2018,H,ehux379,FALSE,infected379D7Propionate
3,2568834.988,2471836.526,2529700.538,barakgavish2018,H,ehux379,FALSE,infected379D7Propionate
4,3864451.529,3663596.841,3736141.236,barakgavish2018,H,ehux379,FALSE,infected379D7Propionate
5,4496425.876,4352612.248,4582164.171,barakgavish2018,H,ehux379,FALSE,infected379D7Propionate
6,4219788.557,4202732.912,4537874.657,barakgavish2018,H,ehux379,FALSE,infected379D7Propionate
7,3784672.813,3878616.788,4264735.175,barakgavish2018,H,ehux379,FALSE,infected379D7Propionate
8,2205591.693,2620061.283,2429549.585,barakgavish2018,H,ehux379,FALSE,infected379D7Propionate
9,1719286.93,1913500.647,1732263.202,barakgavish2018,H,ehux379,FALSE,infected379D7Propionate
10,1010045.826,1347282.176,584444.1781,barakgavish2018,H,ehux379,FALSE,infected379D7Propionate
11,574612.1042,660757.8776,72246.03778,barakgavish2018,H,ehux379,FALSE,infected379D7Propionate
12,286212.1515,248849.2106,25510.323,barakgavish2018,H,ehux379,FALSE,infected379D7Propionate
13,150210.4343,121565.7244,8558.59205,barakgavish2018,H,ehux379,FALSE,infected379D7Propionate
0,0,0,0,barakgavish2018,B,bacteria,TRUE,379replete
1,512805.5027,597258.2007,515919.1262,barakgavish2018,B,bacteria,TRUE,379replete
2,811617.9657,799301.9197,920536.394,barakgavish2018,B,bacteria,TRUE,379replete
3,373592.4816,362685.2659,452063.1954,barakgavish2018,B,bacteria,TRUE,379replete
4,911694.2318,640718.9123,634570.1252,barakgavish2018,B,bacteria,TRUE,379replete
5,510697.8371,300427.9351,497106.0904,barakgavish2018,B,bacteria,TRUE,379replete
6,854999.1276,418191.9349,572197.5193,barakgavish2018,B,bacteria,TRUE,379replete
7,565510.8215,461362.369,583321.2051,barakgavish2018,B,bacteria,TRUE,379replete
8,2036977.726,2071314.219,2177108.855,barakgavish2018,B,bacteria,TRUE,379replete
9,3389022.867,3305727.487,4730181.818,barakgavish2018,B,bacteria,TRUE,379replete
10,1211803.737,1161539.361,1146953.405,barakgavish2018,B,bacteria,TRUE,379replete
11,1824842.987,1756131.623,1669625.964,barakgavish2018,B,bacteria,TRUE,379replete
12,1286872.621,1194605.01,1222606.02,barakgavish2018,B,bacteria,TRUE,379DMSP
13,1546400.77,1425211.255,1564232.835,barakgavish2018,B,bacteria,TRUE,379DMSP
0,0,0,0,barakgavish2018,B,bacteria,TRUE,379DMSP
1,406340.31,404458.5046,437534.6382,barakgavish2018,B,bacteria,TRUE,379DMSP
2,653237.075,615763.5468,602821.3441,barakgavish2018,B,bacteria,TRUE,379DMSP
3,463004.1848,494350.2825,462562.7847,barakgavish2018,B,bacteria,TRUE,379DMSP
4,513581.9722,562298.0878,536819.1721,barakgavish2018,B,bacteria,TRUE,379DMSP
5,396530.3594,356062.164,539619.0924,barakgavish2018,B,bacteria,TRUE,379DMSP
6,455314.9262,471464.742,332943.9252,barakgavish2018,B,bacteria,TRUE,379DMSP
7,609866.5187,476512.6335,570975.4163,barakgavish2018,B,bacteria,TRUE,379DMSP
8,1142258.318,2141547.061,1822193.833,barakgavish2018,B,bacteria,TRUE,379DMSP
9,3375566.663,4207343.664,3787416.005,barakgavish2018,B,bacteria,TRUE,379DMSP
10,1391121.985,935890.3472,857690.7432,barakgavish2018,B,bacteria,TRUE,379DMSP
11,2402091.807,1440404.569,1653046.93,barakgavish2018,B,bacteria,TRUE,379DMSP
12,1597906.672,1179868.709,837152.2812,barakgavish2018,B,bacteria,TRUE,379DMSP
13,1144019.765,1239986.068,1015821.122,barakgavish2018,B,bacteria,TRUE,379DMSP
0,0,0,0,barakgavish2018,B,bacteria,TRUE,379Glycerol
1,291777.9846,370294.1782,351205.8066,barakgavish2018,B,bacteria,TRUE,379Glycerol
2,408630.5592,548105.6392,607948.7553,barakgavish2018,B,bacteria,TRUE,379Glycerol
3,428835.0567,430760.251,328767.1233,barakgavish2018,B,bacteria,TRUE,379Glycerol
4,649049.0608,322354.59,445379.6248,barakgavish2018,B,bacteria,TRUE,379Glycerol
5,432984.2471,318377.4542,322854.2185,barakgavish2018,B,bacteria,TRUE,379Glycerol
6,425519.2348,298016.2173,244320.9912,barakgavish2018,B,bacteria,TRUE,379Glycerol
7,411766.4311,550442.4255,545261.4186,barakgavish2018,B,bacteria,TRUE,379Glycerol
8,1593709.043,1348472.434,1234991.424,barakgavish2018,B,bacteria,TRUE,379Glycerol
9,4297328.011,3819341.312,3940142.38,barakgavish2018,B,bacteria,TRUE,379Glycerol
10,1185701.831,817276.9079,1025701.071,barakgavish2018,B,bacteria,TRUE,379Glycerol
11,1648945.442,1620111.732,1577747.911,barakgavish2018,B,bacteria,TRUE,379Glycerol
12,1269878.187,1646033.13,1122929.381,barakgavish2018,B,bacteria,TRUE,379Glycerol
13,1817281.65,1355715.613,1527684.93,barakgavish2018,B,bacteria,TRUE,379Glycerol
0,0,0,0,barakgavish2018,B,bacteria,TRUE,379Propionate
1,544233.7142,598599.7666,547945.2055,barakgavish2018,B,bacteria,TRUE,379Propionate
2,614686.1084,677354.5928,463713.809,barakgavish2018,B,bacteria,TRUE,379Propionate
3,383566.4643,303147.3831,237546.5343,barakgavish2018,B,bacteria,TRUE,379Propionate
4,387750.3493,313213.7031,476260.4733,barakgavish2018,B,bacteria,TRUE,379Propionate
5,356010.5872,446501.8165,311742.8997,barakgavish2018,B,bacteria,TRUE,379Propionate
6,404470.463,303466.9333,210269.9653,barakgavish2018,B,bacteria,TRUE,379Propionate
7,585776.5046,428308.1244,496945.4887,barakgavish2018,B,bacteria,TRUE,379Propionate
8,1505764.528,1762806.528,2099991.265,barakgavish2018,B,bacteria,TRUE,379Propionate
9,3961029.519,3892231.232,4801815.959,barakgavish2018,B,bacteria,TRUE,379Propionate
10,1293442.48,1222261.36,1106843.575,barakgavish2018,B,bacteria,TRUE,379Propionate
11,1966184.417,1982144.415,1721368.715,barakgavish2018,B,bacteria,TRUE,379Propionate
12,1711546.841,1218416.292,1009518.819,barakgavish2018,B,bacteria,TRUE,379Propionate
13,2019004.446,1604184.83,1630188.679,barakgavish2018,B,bacteria,TRUE,379Propionate
0,1000,1000,1000,barakgavish2018,B,bacteria,FALSE,infected379D7
1,2156252.726,2045514.147,1882270.62,barakgavish2018,B,bacteria,FALSE,infected379D7
2,6733838.09,6696911.534,6683332.364,barakgavish2018,B,bacteria,FALSE,infected379D7
3,8415411.946,8056549.437,8043250.785,barakgavish2018,B,bacteria,FALSE,infected379D7
4,14343452.02,12508359.26,12328910.61,barakgavish2018,B,bacteria,FALSE,infected379D7
5,20620200.14,18415010.78,20511985.11,barakgavish2018,B,bacteria,FALSE,infected379D7
6,35718024.78,34407376.17,33618283.32,barakgavish2018,B,bacteria,FALSE,infected379D7
7,55126664.93,50229313.8,46750480.18,barakgavish2018,B,bacteria,FALSE,infected379D7
8,107880090.6,120836236.9,52773099.48,barakgavish2018,B,bacteria,FALSE,infected379D7
9,159392829.1,141540069.7,145273059.8,barakgavish2018,B,bacteria,FALSE,infected379D7
10,160249658.9,145299452.3,139547038.3,barakgavish2018,B,bacteria,FALSE,infected379D7
11,178934787.7,179205654.9,173007525.4,barakgavish2018,B,bacteria,FALSE,infected379D7
12,177629401.7,175094865.1,182940033.1,barakgavish2018,B,bacteria,FALSE,infected379D7
13,189883909.9,193779171,194036553.5,barakgavish2018,B,bacteria,FALSE,infected379D7
0,1000,1000,1000,barakgavish2018,B,bacteria,FALSE,infected379D7DMSP
1,1828385.333,1900562.743,2090531.634,barakgavish2018,B,bacteria,FALSE,infected379D7DMSP
2,8971505.157,9175668.986,8079166.546,barakgavish2018,B,bacteria,FALSE,infected379D7DMSP
3,14581103.1,14310870.89,14333197.75,barakgavish2018,B,bacteria,FALSE,infected379D7DMSP
4,23239879.01,32843208.62,36435793.14,barakgavish2018,B,bacteria,FALSE,infected379D7DMSP
5,48297711.26,58373294.63,59657761.48,barakgavish2018,B,bacteria,FALSE,infected379D7DMSP
6,81537925.02,95274648.71,98816767.3,barakgavish2018,B,bacteria,FALSE,infected379D7DMSP
7,99219512.2,112539636.4,111873966.4,barakgavish2018,B,bacteria,FALSE,infected379D7DMSP
8,139799564.3,123861308.6,126522042.6,barakgavish2018,B,bacteria,FALSE,infected379D7DMSP
9,162915940,145372224.6,142939022.3,barakgavish2018,B,bacteria,FALSE,infected379D7DMSP
10,131419124.7,117324740.9,107460968.2,barakgavish2018,B,bacteria,FALSE,infected379D7DMSP
11,140726652.9,122880529.4,115505709.4,barakgavish2018,B,bacteria,FALSE,infected379D7DMSP
12,132443696.3,118036788.4,109665371.5,barakgavish2018,B,bacteria,FALSE,infected379D7DMSP
13,150199205.5,130674483.4,133725820,barakgavish2018,B,bacteria,FALSE,infected379D7DMSP
0,1000,1000,1000,barakgavish2018,B,bacteria,FALSE,infected379D7Glycerol
1,1608915.201,1304992.585,1728128.735,barakgavish2018,B,bacteria,FALSE,infected379D7Glycerol
2,12627172.84,11987444.05,12415356.45,barakgavish2018,B,bacteria,FALSE,infected379D7Glycerol
3,33119455.51,32237400.45,31867639.79,barakgavish2018,B,bacteria,FALSE,infected379D7Glycerol
4,34532198.57,34862694.9,39314685.31,barakgavish2018,B,bacteria,FALSE,infected379D7Glycerol
5,41089820.01,40472835.26,44702119.62,barakgavish2018,B,bacteria,FALSE,infected379D7Glycerol
6,49778707.09,50503195.82,62566994.13,barakgavish2018,B,bacteria,FALSE,infected379D7Glycerol
7,71078425.67,42575246.95,77742742.45,barakgavish2018,B,bacteria,FALSE,infected379D7Glycerol
8,130290297.3,72775340.64,128672977.5,barakgavish2018,B,bacteria,FALSE,infected379D7Glycerol
9,87208045.11,165775351.4,170064238.6,barakgavish2018,B,bacteria,FALSE,infected379D7Glycerol
10,174705215.7,172960738.2,152033484.5,barakgavish2018,B,bacteria,FALSE,infected379D7Glycerol
11,184027394.9,185299552.6,163698375.9,barakgavish2018,B,bacteria,FALSE,infected379D7Glycerol
12,182102820,196572854.4,186563262.5,barakgavish2018,B,bacteria,FALSE,infected379D7Glycerol
13,194956032.2,190991409.3,193451907.7,barakgavish2018,B,bacteria,FALSE,infected379D7Glycerol
0,1000,1000,1000,barakgavish2018,B,bacteria,FALSE,infected379D7Propionate
1,1675587.619,1346576.426,1533590.868,barakgavish2018,B,bacteria,FALSE,infected379D7Propionate
2,9192069.176,9632899.628,9961592.179,barakgavish2018,B,bacteria,FALSE,infected379D7Propionate
3,17586538.18,18249636.31,17435658.28,barakgavish2018,B,bacteria,FALSE,infected379D7Propionate
4,23711736.92,24265027.24,24038467.14,barakgavish2018,B,bacteria,FALSE,infected379D7Propionate
5,27887102.87,28688362.34,26886578.78,barakgavish2018,B,bacteria,FALSE,infected379D7Propionate
6,46235427.51,41029604.02,39791569.63,barakgavish2018,B,bacteria,FALSE,infected379D7Propionate
7,66828956.54,61953942.78,60355483.27,barakgavish2018,B,bacteria,FALSE,infected379D7Propionate
8,113003952.6,111530478.8,114219847.9,barakgavish2018,B,bacteria,FALSE,infected379D7Propionate
9,114373255.8,140309838.7,152052549,barakgavish2018,B,bacteria,FALSE,infected379D7Propionate
10,150223926.1,140733731.9,149222418.9,barakgavish2018,B,bacteria,FALSE,infected379D7Propionate
11,170993208.3,172961049.5,178435206.4,barakgavish2018,B,bacteria,FALSE,infected379D7Propionate
12,175446980,174147954.7,177186166,barakgavish2018,B,bacteria,FALSE,infected379D7Propionate
13,187143023,189079405.6,190311406.3,barakgavish2018,B,bacteria,FALSE,infected379D7Propionate